{
  "version": 1,
  "author": "Harsha Royal",
  "editor": "wokwi",
  "parts": [
    { "type": "wokwi-esp32-devkit-v1", "id": "esp", "top": 0, "left": 0, "attrs": {} },
    {
      "type": "wokwi-led",
      "id": "led1",
      "top": -80.4,
      "left": -188.2,
      "attrs": { "color": "red" }
    }
  ],
  "connections": [
    [ "esp:TX0", "$serialMonitor:RX", "", [] ],
    [ "esp:RX0", "$serialMonitor:TX", "", [] ],
    [ "led1:C", "esp:GND.2", "green", [ "v192", "h173.2" ] ],
    [ "led1:A", "esp:VIN", "green", [ "v201.6", "h163.2" ] ]
  ],
  "dependencies": {}
}